"site","site_index","site_name","utm_e_cam","utm_n_cam","stratum","manager","mgr_type","mgr_code","camera","dir_deg","urb1km_10","ndvi_wd100m","ndvi_sd_wd100m","ndvi_wd1km","ndvi_sd_wd1km","ndvi_wd5km","ndvi_sd_wd5km","ndvi_ww100m","ndvi_sd_ww100m","ndvi_ww1km","ndvi_sd_ww1km","ndvi_ww5km","ndvi_sd_ww5km","ndvi_cw100m","ndvi_sd_cw100m","ndvi_cw1km","ndvi_sd_cw1km","ndvi_cw5km","ndvi_sd_cw5km","ppt_wd","ppt_ww","ppt_cw","tmin_wd_DM","tmin_ww_DM","tmin_cw_DM","tmax_wd_DM","tmax_ww_DM","tmax_cw_DM","ppt_wd_DM","ppt_ww_DM","ppt_cw_DM","imp100m","imp1km","imp5km","mpa100m","mpa1km","mpa5km","pd100m","pd1km","pd5km","ed100m","ed1km","ed5km","coh100m","coh1km","coh5km","prd100m","prd1km","prd5km","sdhi100m","sdhi1km","sdhi5km","impquad100m","impquad1km","impquad5km","imp100m_std","imp1km_std","imp5km_std","sdhi100m_std","sdhi1km_std","sdhi5km_std","pd100m_std","pd1km_std","pd5km_std","rich_obs_wd","rich_obs_ww","rich_obs_cw","rich_wd_mean","rich_wd_med","rich_wd_sd","rich_wd_2_5","rich_wd_97_5","rich_ww_mean","rich_ww_med","rich_ww_sd","rich_ww_2_5","rich_ww_97_5","rich_cw_mean","rich_cw_med","rich_cw_sd","rich_cw_2_5","rich_cw_97_5","ndvi_wd100m_std","ndvi_ww100m_std","ndvi_cw100m_std","ndvi_wd1km_std","ndvi_ww1km_std","ndvi_cw1km_std","ndvi_wd5km_std","ndvi_ww5km_std","ndvi_cw5km_std"
"1-01_AF14",1,"AF14",444392,3711039,1,"USDA Forest Service","FEDERAL","USFS","Bushnell",302,0.004169716965407,0.102585776570118,0.0037465689790485,0.107302394656276,0.00762963557546092,0.115703874623066,0.0246342835602502,0.0980917923151165,0.00329687401724425,0.10214206767571,0.00692695364630356,0.110081014108439,0.0262346799371581,0.124610705639828,0.00498567156800967,0.134439048357524,0.0140826265078398,0.147484427818303,0.028034531933079,0.2999994,6.3999872,8.5999828,19.0966036985417,23.0675330225,6.22188582540625,35.58091293,37.7246521908333,19.4796032597917,11.013117407,122.088258441,121.993885882,0,0.0839541547277937,0.117485837480792,3.15,104.7,90.2089655172414,31.7460317460317,0.955109837631328,1.10853726596485,0,4.39350525310411,15.9591140875974,100,99.577108431838,99.0853654877961,31.7460317460317,0.636739891754218,0.0891926535833786,0,0.0508010531756402,0.279889244485524,0.865604873262825,1.40057100147888,2.03999994045014,-0.930378886939522,-1.18345722418636,-1.42828566486195,-0.718352268505926,-0.870390690084169,-0.807247738375908,-0.658563692922066,-0.867038733233288,-1.27213935739037,9,11,9,9.45136666666667,9,0.642325373118422,9,11,12.1780333333333,12,0.629193130145313,11,13,10.7752333333333,11,0.88795996230238,9,12,-0.0799851396208323,-0.190710318643991,0.462676800394177,0.419811070562731,0.19947441992556,1.57849721749716,0.717343753564136,0.415544545366848,2.42312069137789
"1-02_EME",2,"EME",378100,3691144,1,"Maricopa County Regional Parks","COUNTY","MCRP","Bushnell",340,0.000190979408217,0.095278111012184,0.00694169803843796,0.0880579382743444,0.00688733656298897,0.125682943309557,0.0687546697408641,0.0870727183692433,0.00562786460535735,0.0785636489786369,0.00701366364691487,0.119201670177355,0.0658641303385733,0.118834712097178,0.0148162096731406,0.114772301514552,0.0183673370860889,0.112735908801235,0.0409677418371111,0.0999998,4.5999908,5.7999884,19.9585904748958,23.464138621875,6.60115101852083,36.3523454397917,38.4352773332292,20.0400472465625,5.286756374,48.335975653,69.071735825,0,0,1.5465949615292,2.88,313.29,25.7338032786885,34.7222222222222,0.319193079894028,3.8859393971825,0,0,32.5807351687708,100,100,98.8240875675601,34.7222222222222,0.319193079894028,0.0891854943615656,0,0,0.975086830930517,0.865604873262825,1.40814533051532,1.86900484768565,-0.930378886939522,-1.18665299498856,-1.36711552097314,-0.718352268505926,-1.02452726865228,1.42953199635651,-0.592274591664104,-0.994286633714913,-0.361156981464707,6,4,5,6.17036666666667,6,0.409569844028415,6,7,4.4184,4,0.618078345110626,4,6,5.17943333333333,5,0.423134707063325,5,6,-0.260035298061662,-0.462204134842471,0.320364793329453,-0.401892491730304,-0.807281512905681,0.73876261450998,1.25295636929503,0.905083059203028,0.558042321018352
"1-03_EMW",3,"EMW",372053,3685604,1,"Maricopa County Regional Parks","COUNTY","MCRP","Bushnell",89,0,0.0837858714193093,0.00246869679452282,0.0846770656327135,0.00517643367393513,0.0853556852196994,0.00804809770098002,0.0757023997696293,0.00281482925822179,0.0766498522662122,0.00538458768343941,0.0791916015514345,0.00883876230465682,0.0949041772456396,0.00456344713595716,0.0984806815754432,0.00853900826863479,0.108728688660339,0.0173134550139647,1.0999978,3.0999938,5.7999884,19.6912337920833,23.2671423604167,6.46956257601042,36.13885454875,38.2601185366667,19.9150871036458,4.259905132,41.280948503,73.007100417,0,0,0.125536062378168,3.15,313.74,156.978,31.7460317460317,0.318735258494295,0.637031940781511,0,0,3.99036807705538,100,100,99.8370275272812,31.7460317460317,0.318735258494295,0.0637031940781511,0,0,0.0491249354243037,0.865604873262825,1.40814533051532,2.0390157598353,-0.930378886939522,-1.18665299498856,-1.42794109116423,-0.718352268505926,-1.02452726865228,-1.54972576199389,-0.658563692922066,-0.994378244466167,-1.42679216641979,8,8,9,8.3241,8,0.53504086973901,8,10,8.70503333333333,9,0.702930391949838,8,10,9.9335,10,0.805253188603803,9,12,-0.543187221631912,-0.742352104006239,-0.26924847747976,-0.546249652990285,-0.888997179219879,0.0431398401478661,-0.911553052311006,-1.24240165961771,0.342960360075405
"1-04_J9",4,"J9",355142,3730852,1,"Private landowner","PRIVATE","PRIV","Bushnell",54,0.000190979408217,0.0982568920665081,0.00457591041576618,0.105244654353709,0.015906459029866,0.100901057627982,0.0202219489817295,0.0857354320866007,0.0041366734120071,0.0917981554200036,0.0115053002370711,0.0908823781837782,0.0162722584309604,0.139511981809681,0.0143435805961802,0.15634044942526,0.0306906676334124,0.150722514584869,0.0457844223593822,0.5999988,8.8999822,7.5999848,19.301161233125,22.7514273120833,6.29977524379167,35.1330385680208,37.3892871107292,18.8503575834375,17.019171121,75.297051644,84.696262349,0,0,0.622349879031796,1.05,8.72,10.1937272727273,95.2380952380952,11.4678899082569,9.80995442830261,47.6190476190476,134.365443425076,114.543321140961,94.683439994266,98.2324789322924,99.0436402344849,63.4920634920635,1.27420998980632,0.0764412033374229,0.219032521789021,0.744011514014113,0.797764342617295,0.865604873262825,1.40814533051532,1.97873729644446,-0.930378886939522,-1.18665299498856,-1.40667597421882,8.89502845877516e-06,1.2328942219794,0.85900160887404,0.755603800581126,1.23658438399991,1.58190816830645,5,7,4,7.2435,7,0.849724554033398,6,9,7.2258,7,0.462119910658544,7,8,5.54176666666667,5,1.07052654324475,4,8,-0.186642502983719,-0.495152906945093,0.829822383902671,0.331949272685148,-0.242191968559216,2.51364752361148,-0.0771768354820017,-0.614915503474503,2.59692048948449
"1-05_MCS",5,"MCS",433344,3722966,1,"Maricopa County Regional Parks","COUNTY","MCRP","Bushnell",17,0,0.106226164237908,0.00667068629400253,0.106282823676441,0.00964837044122391,0.121066997703292,0.0599883663153992,0.0981263656218284,0.00446156524807732,0.0980670083389674,0.00763641067475996,0.11218874198766,0.0562763198734716,0.149694747677663,0.0111929488437128,0.149388228504091,0.016090764529555,0.15115058320327,0.0527497254703046,0.7999984,8.8999822,10.6999786,18.9929220492708,22.8181381835417,6.18053004042708,34.8418144017708,37.1015972658333,18.968030484375,16.904823251,98.831834677,141.5603399,0,0,7.94992833801525,3.15,313.92,17.1383187772926,31.7460317460317,0.31855249745158,5.83487804722684,0,0,49.563339639588,100,100,99.0182031163291,31.7460317460317,0.31855249745158,0.0891793588004102,0,0,0.823379025380809,0.865604873262825,1.40814533051532,1.19472268016702,-0.930378886939522,-1.18665299498856,-1.09303370495471,-0.718352268505926,-1.02452726865228,0.941416169042484,-0.658563692922066,-0.994414815225928,0.278091020110192,4,6,6,5.12813333333333,5,0.938089112288899,4,7,6.4871,6,0.659076173680572,6,8,6.49256666666667,6,0.678449277398801,6,8,0.00970867178519231,-0.189858483088307,1.0807107959901,0.376277229465115,0.0254767393934801,2.21680023505226,1.00520191665858,0.528673904238459,2.61989647648461
"1-06_T21",6,"T21",394089,3686284,1,"City of Phoenix","MUNICIPAL","CPHX","Bushnell",0,0,0.08544136152583,0.00448897908350368,0.0779475415893427,0.0102665243681228,0.104632528642787,0.0595641187749844,0.0795770547510218,0.00534213669364559,0.0729737641352553,0.00926865936677455,0.097776956647452,0.0589507329832687,0.104086582802913,0.00433536996929049,0.0979277316015322,0.0114469272359832,0.110913937818531,0.048302268743531,0.1999996,2.8999942,6.499987,19.70401547,23.1128668289583,6.31848553210417,36.2654888592708,38.2247857177083,19.9790036317708,5.094610221,31.261747258,70.215121256,0,0.259758897818599,4.18072979977523,2.88,62.712,18.7307398568019,34.7222222222222,1.59459114682995,5.33881740734795,0,10.7156525066973,53.3856257119485,100,98.9450717614653,99.1269374505457,34.7222222222222,0.637836458731981,0.0891926535833786,0,0.0870194797298112,0.804028288784988,0.865604873262825,1.38477609958396,1.5734357508357,-0.930378886939522,-1.17676509957763,-1.25436667320034,-0.718352268505926,-0.760499575605127,0.879155688980961,-0.592274591664104,-0.739077560638461,0.115384116691076,6,5,6,6.19506666666667,6,0.427498640222167,6,7,5.23953333333333,5,0.475076806584606,5,6,6.20603333333333,6,0.448913855519309,6,7,-0.502398374138384,-0.646886289681191,-0.0430074758427815,-0.833588186707775,-1.0459595091793,0.0195298740196934,0.123104675103183,-0.244858605250191,0.460250565646134
"1-07_UMP",7,"UMP",443628,3701760,1,"Maricopa County Regional Parks","COUNTY","MCRP","Bushnell",84,0.018906962126493,0.103086684153952,0.00700960305634903,0.100263187229102,0.0111406691856807,0.0982867585837135,0.0275265693162126,0.0994590079142953,0.00693480737788697,0.0968589478134742,0.010882237226159,0.0959133524342989,0.0278091423705165,0.158108932389454,0.0128412126217807,0.14417585324287,0.022544215497082,0.128875080483075,0.0411419395096125,0.3999992,8.5999828,8.2999834,18.5409206027604,22.3490737902083,5.8116205843125,35.1496359679167,37.2009491767708,19.1808118827083,18.82001357,139.257226529,115.048957702,0,2.19385410683515,15.7152998382972,2.88,10.1090322580645,10.8244551724138,34.7222222222222,9.89214372327526,9.23834025890289,0,60.1187057246793,56.9247412946164,100,97.8859522998095,99.4322210897422,34.7222222222222,0.638202820856468,0.0637126914407096,0,0.467997269010596,0.696604557816294,0.865604873262825,1.21692332586756,0.578592354179782,-0.930378886939522,-1.10314247759189,-0.760652584416685,-0.718352268505926,0.395433407657111,0.533522693203674,-0.592274591664104,0.921275200382401,1.39441985744948,8,7,7,8.2279,8,0.455962557010017,8,9,7.66113333333333,8,0.682533205986931,7,9,7.469,7,0.63952010617249,7,9,-0.0676435116250618,-0.157024132090524,1.28802396303338,0.119249615157884,-0.0261052651881283,1.99424121674844,-0.217495696228897,-0.344884966291809,1.42428988698034
"1-08_V9",8,"V9",402672,3734402,1,"Maricopa County Flood Control District","COUNTY","MCFC","Bushnell",136,0,0.103817099294505,0.0163576500081194,0.0988007654209698,0.026064020890048,0.0921256630513454,0.0225017796304111,0.090762651396545,0.0116933960944436,0.0863488318417816,0.0177041997832181,0.0814951346459744,0.0183175270799321,0.128706349650534,0.0105623015746726,0.148201050356741,0.0268853973432589,0.138701639872379,0.0351343536350141,0.499999,3.8999922,8.2999834,19.0350552946146,22.5960679508333,6.01916763969792,34.7701367808333,37.049239101875,18.8069552726042,15.384750352,60.825519365,118.204750609,0,0,3.2147567115056,3.33,104.67,37.7312019230769,30.03003003003,0.955383586509984,2.65032638514594,0,1.91076717301997,27.5723137731601,100,99.882655162816,99.2821438458651,30.03003003003,0.636922391006656,0.0764517226484406,0,0.0144663786972496,0.378087897271232,0.865604873262825,1.40814533051532,1.67887272223119,-0.930378886939522,-1.18665299498856,-1.29571320986984,-0.718352268505926,-0.980634514914371,-0.491296186167123,-0.69678443598972,-0.866983955670589,-0.766435592285187,7,8,6,7.4415,7,0.626198174812472,7,9,8.20253333333333,8,0.442101154341301,8,9,7.57466666666667,7,0.835891647314665,6,9,-0.0496471541369492,-0.371289598464926,0.56358746019363,0.0568068427839398,-0.474868252443053,2.16610987033664,-0.548183919502366,-1.11876272847582,1.95171677855642
"1-09_W19",9,"W19",406975,3691758,1,"City of Phoenix","MUNICIPAL","CPHX","Bushnell",307,0.003278479911387,0.0942296338543329,0.00607728735431954,0.0915176150406224,0.010318446756596,0.0973520410978224,0.0489574712847727,0.0868424816508236,0.00677240378958291,0.0807919426713766,0.00881257773179692,0.0899192376748745,0.0471645640984062,0.124342638644434,0.0114802160095654,0.115072310092267,0.0181733332177206,0.103894222290207,0.0541031464254302,0.0999998,4.1999916,5.2999894,19.3844825759375,22.7685750425,6.09984692809375,35.7697862402083,37.7498370139583,19.6723472327083,9.410460109,48.498376176,83.672057178,0,1.05164992826399,36.073417634448,3.24,104.55,21.8674930362117,30.8641975308642,0.956480153036825,4.57299791221627,0,5.83452893352463,25.3017987549727,100,99.5764088555219,99.62686031962,30.8641975308642,0.637653435357883,0.0764289344660102,0,0.116775418085049,0.682070432552861,0.865604873262825,1.31474026849577,0.0122624025454669,-0.930378886939522,-1.14662124020784,0.11073573292062,-0.718352268505926,-0.67021643690124,0.486759531930988,-0.678204908109609,-0.866764531057884,-0.135803154811229,6,6,7,6.31383333333333,6,0.534993625658168,6,8,6.3091,6,0.52949649248242,6,8,7.87013333333333,8,0.604659823927728,7,9,-0.285868237034591,-0.467876829809382,0.456072022902541,-0.254170536544176,-0.712137393018853,0.751572439434852,-0.267665355674701,-0.666610729100984,0.0834771097321335
"1-10_GOAT",10,"GOAT",360013,3715683,1,"Maricopa County Regional Parks","COUNTY","MCRP","Bushnell",309,0.008275774307549,0.0991051635865486,0.00624170090862537,0.0947754433582707,0.00691464617928619,0.0979981580499854,0.0162534684921434,0.0970876033138733,0.00502226159336289,0.0914615042159306,0.00575210843366693,0.0906816797999255,0.0144393823112461,0.184867872132195,0.0133790904052759,0.167995429061815,0.0184692159407376,0.14657843776004,0.0334066446123625,0.2999994,6.1999876,7.999984,19.2957049964583,22.7666761014583,6.24935999027083,34.9143594621875,37.1843449817708,18.8755477071875,7.530323437,70.345566191,84.235323264,0,0.270588235294118,1.05555491853092,3.15,78.4125,40.0458673469388,31.7460317460317,1.27530687071577,2.49713657425987,0,1.14777618364419,19.9821887911693,100,99.9261605689348,99.5785686333023,31.7460317460317,0.637653435357883,0.0637024636290784,0,0.00693587990952568,0.323534759856922,0.865604873262825,1.38380608331098,1.92691462254288,-0.930378886939522,-1.1763528736357,-1.38813350314113,-0.718352268505926,-1.00348296480847,-0.666819454103636,-0.658563692922066,-0.802966824914004,-0.816681545624113,9,8,6,9.2116,9,0.439581483985281,9,10,8.5089,8,0.587366118048945,8,10,6.3577,6,0.575640300354176,6,8,-0.165742337209395,-0.215452062412229,1.9473249808746,-0.11506714589376,-0.256566367510633,3.0112941235332,-0.232985927995785,-0.625687709752012,2.37449293660661
"2-01_AF19",11,"AF19",442407,3691131,2,"Mesquite Canyon Community Association","PRIVATE","MESQ","Cuddeback",90,0.199096024036407,0.112539322376982,0.0348981998952135,0.102748267864042,0.0449787304835634,0.0987297686470454,0.0501755491276479,0.111284929750324,0.0395326886731089,0.0987789159598892,0.0533044824410707,0.0926317013530523,0.0511977873714884,0.10821328121351,0.0505069025555914,0.110883623475495,0.0431044472913675,0.109012115136364,0.0603851972483086,0.1999996,4.8999902,6.1999876,19.1314763588542,22.9001592665625,6.03913068264583,36.1318122796875,38.0686942663542,19.8601072811458,15.043700531,94.985850173,80.531075257,22.90625,29.4529276693456,28.8166064567923,0.576,11.6133333333333,8.37518676627535,173.611111111111,8.61079219288175,11.9400322393613,156.25,85.8208955223881,82.2333084848137,79.6916046559916,95.7310314043397,98.9849813348613,138.888888888889,1.27567291746396,0.0891998139546738,0.901694413572989,1.08646206411359,1.01906933656942,0.00516249879784007,0.00429125763989166,0.0399510090464977,-0.0718505309503004,-0.0655076914559783,-0.199877485091487,2.23893573053685,2.2719308722355,1.57104453784695,2.50121680037413,0.664874830306217,2.28056945448255,1,1,0,1.0691,1,0.259218241005301,1,2,1.14136666666667,1,0.369576358972981,1,2,1.51076666666667,1,0.809962517773649,0,3,0.165255626444082,0.13434923241356,0.0586683188107951,0.225358074123388,0.0558739102215545,0.572723079077641,-0.193717747978323,-0.521023018324866,0.358172881500039
"2-02_E12",12,"E12",335110,3721828,2,"Private landowner","PRIVATE","PRIV","Bushnell",282,0.001082216622308,0.107573623462974,0.0177877141487494,0.0954505042646372,0.0150831875382371,0.0882042199865339,0.0122353533986189,0.101709504155414,0.0167375331071629,0.0902990977158812,0.0144276538042478,0.0825355331510235,0.0116037795552247,0.152297109873457,0.0356319194407107,0.124690835068275,0.0294079737221062,0.110846539603865,0.0253576853414925,0.499999,5.8999882,6.499987,19.5610797459375,23.0621668438542,6.4832598129375,35.52903783625,37.7535686170833,19.2240325485417,10.322051336,83.661700175,157.662064918,0,0,0.0321308166869252,1.44,10.8031034482759,14.8928652751423,69.4444444444444,9.25659931692681,6.71462463082306,31.25,112.036771042804,120.706526309352,96.9767765707175,97.4896552017556,99.498502274292,69.4444444444444,0.638386159788056,0.0764473392503574,0.139060798454741,0.679822254036402,0.690676100300108,0.865604873262825,1.40814533051532,2.05044962902099,-0.930378886939522,-1.18665299498856,-1.43193911498394,-0.26227443967925,1.03813619443269,0.514448038905408,0.181098256345454,0.794101807974193,0.566646150074613,10,8,8,10.2081666666667,10,0.437385812642026,10,11,8.1927,8,0.427597323793906,8,9,8.25336666666667,8,0.494887356885809,8,9,0.0429080902646393,-0.101575206360202,1.14482918262924,-0.0862432632899923,-0.306199027585144,1.16226609998485,-0.758661915332459,-1.06292078748926,0.456633060327054
"2-03_EMP",13,"EMP",372383,3692607,2,"Maricopa County Regional Parks","COUNTY","MCRP","Cuddeback",311,0.005156443919986,0.085113952883849,0.00860416777682137,0.0857713255232792,0.0094461066078096,0.108057556842682,0.0630177359556979,0.0786342974545707,0.00720666119902994,0.0767625975299427,0.0103924183940354,0.104606331311304,0.0696111532525191,0.106458842754364,0.0109227151546157,0.112897596340851,0.0151168386935184,0.124831103126492,0.0609773347074431,0.2999994,1.2999974,3.1999936,20.0769066091667,23.6107260829167,6.72623711483333,36.5112945515625,38.6030469172917,20.1195567785417,3.870053793,63.405726022,66.44317196,6.61111111111111,0.861970217640321,1.56220833572207,1.08,14.2854545454545,16.1509259259259,92.5925925925926,7.00012727504136,6.19159548242848,83.3333333333333,42.5735013363879,46.7618337824151,89.0963342417951,98.7117049345749,98.5100332827138,61.7283950617284,0.954562810232913,0.0891793588004102,0.492603657539584,0.276452188377571,0.867484307872004,0.465934343133336,1.3313502641096,1.86717801015608,-0.682593834672814,-1.15384152469462,-1.36644722186994,0.897240401025977,-0.18573768082898,1.08332374178801,0.696680155018494,0.342578355679792,0.395093629491654,4,4,3,4.1852,4,0.419332987817346,4,5,4.1539,4,0.388784209777171,4,5,3.26963333333333,3,0.510104439411048,3,5,-0.51046524274317,-0.67011444636838,0.0154415290734129,-0.49952673017515,-0.884183159899177,0.658716086361458,0.306938294324709,0.121698569816045,1.20723503367042
"2-04_I17",14,"I17",353363,3701278,2,"Maricopa County Flood Control District","COUNTY","MCFC","Bushnell",262,0.057007353752851,0.0873503713960131,0.00945097521862806,0.0774139531556436,0.0157596098161877,0.10751083799994,0.088311398665988,0.0834285895643857,0.00892528556150481,0.0744625881401973,0.0164932457715545,0.0994695772767668,0.0700995142362746,0.130954591218721,0.01844541071815,0.108184006212692,0.0272271644015427,0.128145689858021,0.0688846029199929,0.1999996,13.999972,5.0999898,19.9515610826042,23.5498882490625,6.75348232078125,36.241308749375,38.4263579161458,19.8281450779167,1.922449248,87.882449572,84.789851518,0,9.8615252293578,9.14994209180456,3.15,11.2114285714286,13.3253480475382,31.7460317460317,8.91946992864424,7.50449441494885,0,49.4074923547401,58.6688377462054,100,96.9764397327624,98.995832892372,31.7460317460317,1.27420998980632,0.0764464626310579,0,0.686640928872972,1.09386324554973,0.865604873262825,0.658154908929364,1.08507540548702,-0.930378886939522,-0.81126747064662,-1.04166952796317,-0.718352268505926,1.05882488381957,1.81169194967714,-0.658563692922066,0.726641709891146,0.825721868540826,8,9,9,8.17573333333333,8,0.410759564306839,8,9,9.85176666666667,10,0.518525963214996,9,11,9.78583333333333,10,0.693047845437882,9,11,-0.45536317160118,-0.551990122377306,0.618980834090693,-0.856371450005384,-0.982389410642413,0.457454293218056,0.27759392175547,-0.154009549973655,1.38514086086895
"2-05_MCN",15,"MCN",435635,3731850,2,"Maricopa County Regional Parks","COUNTY","MCRP","Bushnell",328,0.000572938239202,0.115744062495615,0.0101075609354532,0.112109355482994,0.0102588349159069,0.128220748076278,0.0560640087355434,0.105638286097082,0.00943656701101367,0.100820546205651,0.010173015875715,0.11875898128888,0.0568991408226765,0.145713883141677,0.0122685306982958,0.140328438788341,0.0170237648606912,0.144850014287783,0.0447103106950915,0.499999,10.499979,13.1999736,18.7341658341771,22.5955977291667,5.83675531675,34.6860752776042,36.9543517389583,18.7064536858021,17.161190667,85.77338319,141.025115069,0,0.505872242910341,3.27357257509745,3.15,34.91,21.9268156424581,31.7460317460317,2.86450873675165,4.56062574842671,0,35.5199083357204,53.2293816402966,100,97.838921540635,98.8885707936289,31.7460317460317,0.636557497055922,0.0891742464776173,0,0.220246789119256,0.709116196215477,0.865604873262825,1.36281489457775,1.67235515738371,-0.930378886939522,-1.16739663121741,-1.29319571503454,-0.718352268505926,-0.3562717032001,0.57377855681031,-0.658563692922066,-0.484965139262429,-0.139861199931045,9,6,8,9.19793333333333,9,0.440032782699824,9,10,6.44536666666667,6,0.653882852134106,6,8,8.32393333333333,8,0.562800515608833,8,10,0.244215721367294,-0.00477578314237386,0.98262813405744,0.625059624053999,0.143047837742976,1.82996356191832,1.3891695062141,0.881322349565657,2.2817222135912
"2-06_PWP",16,"PWP",405716,3714385,2,"City of Phoenix","MUNICIPAL","CPHX","Bushnell",136,0.119330301880836,0.0804655469162292,0.00702619632154318,0.0838696765631969,0.0181732679613983,0.101776470923918,0.0455458112137495,0.0711444281059675,0.00724985676202423,0.0754337942179335,0.0211407154141762,0.0985188400001016,0.0493013025719289,0.104822265547375,0.0101323753275482,0.10247451852397,0.0229072925403724,0.116610465427747,0.0523067451487765,0.499999,4.3999912,7.999984,19.6704295219792,23.145843985625,6.47498261969792,35.2676107917708,37.4904480751042,19.4117122504167,11.953197742,72.843414576,94.148983559,0,16.5810423825888,38.8145481230078,3.33,52.38,16.9897402597403,30.03003003003,1.90912562046583,5.8859051681305,0,12.8865979381443,33.4541090497703,100,99.1613591100718,99.6510424953234,30.03003003003,0.636375206821942,0.0764403268588377,0,0.594364972246429,0.620454271950184,0.865604873262825,0.308563114050599,0.0520133315344594,-0.930378886939522,-0.555484575889015,0.228064314469536,-0.718352268505926,0.778848400077409,0.288511174837488,-0.69678443598972,-0.6761387389888,0.294827814294577,6,6,7,6.138,6,0.36390531859633,6,7,6.6237,7,0.622289764888552,6,8,7.0848,7,0.290537043637796,7,8,-0.624995146216731,-0.854653838904344,-0.0248813323223304,-0.58072370938406,-0.940920663593483,0.213669471262997,-0.0301902458499823,-0.205039049381437,0.766003752562852
"2-07_SMW",17,"SMW",399544,3689467,2,"City of Phoenix","MUNICIPAL","CPHX","Bushnell",45,0.02145335264504,0.101749900881205,0.00291194351759636,0.0952497481496121,0.0100341989851825,0.09295391795779,0.0294940078206999,0.0970036288152846,0.00319443289018768,0.0851934285543165,0.0104536756910925,0.0889018960720259,0.0459188692857518,0.120567815378308,0.00583938726232898,0.11335091907544,0.0165291938625637,0.104017066920727,0.0317743709216069,0.1999996,3.1999936,5.2999894,19.0083341673958,22.4003056609375,5.86972548319792,35.3977139089583,37.3819380559375,19.3670448910417,9.111469376,34.432204082,69.717564741,0,1.22030981067126,13.6272989955511,3.15,14.94,18.0854377880184,31.7460317460317,6.69344042838019,5.52931044147849,0,39.5869191049914,45.0205629194759,100,97.974957058725,99.3318848972403,31.7460317460317,0.956205775482884,0.0764420798361082,0,0.233311300679349,0.752450886479849,0.865604873262825,1.30005852444814,0.722542949625713,-0.930378886939522,-1.14020108947858,-0.850025264110257,-0.718352268505926,-0.316632384984118,0.713206769571983,-0.658563692922066,0.281209856000962,0.177865453073377,7,7,7,7.6752,8,0.678321676893231,7,9,7.21643333333333,7,0.452544773602155,7,8,7.28656666666667,7,0.518833806248371,7,9,-0.100579890301811,-0.217521070860415,0.363065915580866,-0.0948151871518232,-0.524201887977001,0.678072149140655,-0.503728490757468,-0.721215122969046,0.0900706242121352
"2-08_TONTO",18,"TONTO",443298,3713505,2,"USDA Forest Service","FEDERAL","USFS","Bushnell",4,0.008976032026112,0.125196941884283,0.0408747270342736,0.128881280697516,0.0389839846778396,0.115315228736057,0.0266912005353478,0.129141563232701,0.0396733666223327,0.125390620234706,0.0419842271754217,0.109502755074312,0.0283786843245914,0.108923398466273,0.0265077624666877,0.166742801567703,0.0356691629104838,0.148365145272451,0.0254078893032719,0.2999994,10.5999788,9.3999812,19.2676131677083,23.2588596632292,6.33722273789583,35.6622816989583,37.8307188,19.520613791875,12.455956946,114.748517371,121.329164,0,0.163130733944954,0.370532182049606,1.05,13.6486956521739,36.0028899082569,95.2380952380952,7.32670744138634,2.77755480892844,123.809523809524,54.7591743119266,24.6081163209375,86.5754574364273,96.4893275937785,98.9756518167128,63.4920634920635,1.91131498470948,0.0891875397362342,0.659711615178473,0.606407360016865,0.351169746879003,0.865604873262825,1.39344641987438,2.00917732943673,-0.930378886939522,-1.18044331497721,-1.41745452464505,1.44530452367237,0.815386470308115,-0.577904618744846,0.755603800581126,0.407927538573169,-0.724704922289681,7,7,8,7.3294,7,0.566544795904842,7,9,7.8281,8,0.806249790464565,7,10,9.92363333333333,10,0.79796993933963,9,12,0.47712080140395,0.574310484366472,0.0761645661223227,1.34119056700048,1.19214566388025,2.95780918980941,0.696483726774688,0.384507296945252,2.47039197431581
"2-09_U13",19,"U13",399489,3718154,2,"City of Phoenix","MUNICIPAL","CPHX","Bushnell",86,0.085240475833416,0.0931740292422701,0.00831107461351168,0.0867663731171779,0.0144157238910112,0.093128922229466,0.0477584788256648,0.089784183636295,0.00757679448280757,0.0836692684362921,0.0158286114721165,0.0911361568306915,0.0523799527272339,0.171744948625565,0.0386861444725443,0.136823351777324,0.0363039354684599,0.103522520972925,0.0503894947106167,0.5999988,9.6999806,7.2999854,19.7130941505208,23.1599329186458,6.46260329997917,35.2724498303125,37.5049377238542,19.3225171460417,12.283501273,78.018447688,94.955748777,0,13.1706406205113,49.1979405559123,2.88,78.3225,36.8484507042253,34.7222222222222,1.27677231957611,2.71381830413112,0,34.8558843244278,23.5031954254961,100,99.2199811470631,99.6683021165668,34.7222222222222,0.638386159788056,0.089186517037173,0,0.562571722725194,0.519353613891193,0.865604873262825,0.46964128437478,0.452262382461162,-0.930378886939522,-0.685303789844169,0.672504559435222,-0.718352268505926,0.682383811325238,-0.0367775021138615,-0.592274591664104,-0.80267358639108,-0.745610369117435,7,7,6,7.10943333333333,7,0.320095445545071,7,8,7.18493333333333,7,0.408581154942599,7,8,6.68496666666667,7,0.571779295947599,6,8,-0.311876786022773,-0.395397608590127,1.62399539800797,-0.457039993406355,-0.589280774781072,1.68030267122131,-0.494335380171571,-0.601294287992353,0.063526559127191
"2-10_WTM",20,"WTM",360941,3719482,2,"Maricopa County Regional Parks","COUNTY","MCRP","Bushnell",47,0.007511856500059,0.111493511235952,0.00734371888856239,0.102079509515207,0.00763934922382487,0.104563009638241,0.030760096953465,0.102839955880412,0.00727862255908721,0.0934090383754032,0.00682069583871726,0.093387371291439,0.0181228115741295,0.18033990154906,0.00799438804456483,0.165373960036576,0.0148270816018029,0.151397889312179,0.0358906567914079,0.2999994,6.1999876,7.999984,19.5167324107292,22.9641237289583,6.3443757213125,35.30646320375,37.5401725398958,19.0609249796875,7.939959423,68.332554119,78.746837648,0,0.227808101120368,1.67638728025412,2.88,39.16125,45.629476744186,34.7222222222222,2.55354463915222,2.19156578456144,0,8.23518146126592,15.458183778081,100,99.5932152978586,99.3426742464259,34.7222222222222,1.27677231957611,0.0637083076907395,0,0.069672524469913,0.364995805725642,0.865604873262825,1.38764000894938,1.85384569247794,-0.930378886939522,-1.177981327929,-1.3615600216215,-0.718352268505926,-0.813132349242522,-0.533419642326093,-0.592274591664104,-0.547189523292637,-0.916908156990223,10,9,9,10.9238333333333,11,0.570417523772955,10,12,9.86666666666667,10,0.595903285424524,9,11,9.6814,10,0.705911219881801,9,11,0.139488374214374,-0.0737225343157593,1.83576242858679,0.196803299353712,-0.173410173084247,2.89936212640481,0.119373339340528,-0.480463486664721,2.63317028750249
"3-01_AC16",21,"AC16",433332,3704768,3,"Arizona Department of Transportation","STATE","ADOT","Bushnell",6,0.122958905994892,0.0572374978173237,0.0157034847629957,0.0829306712792316,0.0325875396527061,0.107581650246045,0.0585898928475344,0.0535609301283349,0.0160240319956067,0.0784028619862967,0.0331011778907824,0.104870732504688,0.0603212472829593,0.0661204088479281,0.0307659427245195,0.0984826844308631,0.0476780551493318,0.12066468596816,0.0626465742729255,0.2999994,8.8999822,11.2999774,19.5611756895833,23.3414765002083,6.50694629517708,35.9382480291667,38.0490776638542,19.8721563430208,8.136489844,96.04866589,115.479034582,39.4594594594595,22.8017142857143,25.1490918264379,1.11,7.5,11.2768965517241,90.0900900900901,13.3333333333333,8.86768797969605,90.0900900900901,78.9523809523809,56.2142616885301,94.1052518842897,98.1160182361239,99.3333233060785,60.0600600600601,0.952380952380952,0.089186517037173,0.34254150797197,0.694585175055657,1.00167987657711,0.300923868049707,0.101563671594156,0.127347687848346,0.548565281484079,-0.31869055774239,-0.356858078020305,0.405081430817447,1.08292869366911,1.5150944130664,0.640941571378166,1.60986242144752,1.272846646945,4,4,4,4.07673333333333,4,0.277334742457921,4,5,4.0309,4,0.175345986192525,4,5,4.06043333333333,4,0.24559415595355,4,5,-1.19730019868163,-1.28788543273112,-0.978438302800297,-0.620817540642952,-0.814146827350227,0.0432253584602896,0.281394670457944,0.135889935687941,0.983608394501048
"3-02_AVE35",22,"AVE35",394615,3697328,3,"City of Phoenix","MUNICIPAL","CPHX","Cuddeback",82,0.207085341215134,0.0681589415156066,0.0107879499526881,0.0686908213198266,0.0289506039299329,0.0779817772502475,0.0510869803382094,0.0636105905816613,0.0125908237352984,0.065580952436808,0.0280394472925329,0.0773373719007706,0.0627665148474651,0.0842653669586236,0.0162784991410174,0.0824745680008775,0.0443509587257534,0.0791575067188938,0.0557130810846385,0,2.8999942,4.7999904,20.3871974028125,23.7801621836458,6.80268215508333,36.6608802189583,38.6952511439583,20.3067014367708,4.206154867,53.866399178,70.756969591,21.1142857142857,23.2783830275229,41.5814300128417,1.05,5.60571428571429,9.36687350835322,95.2380952380952,17.8389398572885,10.675920830021,152.380952380952,89.3539755351682,55.2765547605944,86.3117705366908,96.49902476336,99.3999876714542,63.4920634920635,2.22986748216106,0.0891783362889582,0.659711615178473,1.15278080901912,0.824762618927976,0.01932475794518,0.0903278047582538,0.120058877189817,-0.139013517131177,-0.300545844686387,0.346495132995858,1.44530452367237,2.47315001624276,0.94586784446218,0.755603800581126,2.51144106927182,1.86594342601807,1,2,1,1.32586666666667,1,0.549503697924491,1,3,2.0861,2,0.29147262057173,2,3,1.31426666666667,1,0.526224628177802,1,3,-0.928211848552698,-1.04027654278494,-0.531373154999993,-1.22883343914073,-1.36161922891445,-0.640292327623631,-1.30733729428377,-1.34192485407195,-1.24423165227672
"3-03_DBG",23,"DBG",412358,3702229,3,"City of Phoenix","MUNICIPAL","CPHX","Cuddeback",330,0.208294868469238,0.0819266961048561,0.0197899727160845,0.100297369397332,0.0417900774380315,0.102455418471122,0.0684986404037281,0.0808217903483061,0.0205127510709744,0.101270230786118,0.0465404299511551,0.0971473251382545,0.0633316046033752,0.0849542619039615,0.025525957184201,0.0997538793724022,0.0366262942374918,0.0965933415984817,0.0634682525059804,0.0999998,3.0999938,6.0999878,20.0225537301042,23.4922702208333,6.643171020125,36.1231051109375,38.2119994357292,20.0196205838542,5.594200563,66.643387365,75.925623011,9.96875,28.6404365307295,53.7488074488579,0.72,6.52875,19.4275247524752,138.888888888889,15.3168677005552,5.14733612614541,125,91.4225540876891,31.0789530012537,87.0022883424816,98.1782528558046,99.6160531501762,69.4444444444444,1.59550705214117,0.0764455860318625,0.64349155301929,0.733473155651898,0.509199719711775,0.309969694435616,0.0092998457119366,0.752201086471705,-0.55674922041761,-0.0964357076602676,0.867295270638382,1.39210757086326,1.20091956003567,-0.0694473864344921,1.72784395236457,2.00677063418312,0.0525786372343781,6,5,5,6.0525,6,0.226006163543236,6,7,5.28533333333333,5,0.477694981453018,5,6,5.26556666666667,5,0.482405883121352,5,6,-0.588994573827052,-0.616217830686833,-0.514399794208665,0.12070913206208,0.162248557905948,0.0975030886856171,0.00625131830061766,-0.278653199734183,-0.30838749480034
"3-04_O17",24,"O17",375439,3698819,3,"Maricopa County Flood Control District","COUNTY","MCFC","Cuddeback",38,0.160040736198425,0.0879332491439224,0.0100160222177904,0.0877859830397372,0.0292149163021787,0.142018456077151,0.10225996047563,0.0782060257024911,0.0115892401502996,0.0815192009218463,0.0284728500415138,0.132334631909784,0.0975744633517197,0.0930595333603295,0.0179017083907575,0.0996870255808476,0.046151466605993,0.130483044101624,0.0962085790081286,0.5999988,3.999992,5.499989,20.3937819119792,23.869881846875,6.89281389327083,36.7374675789583,38.8245687060417,20.2471563248958,4.62654473,68.063021871,68.816571616,2.26470588235294,14.0051635111876,19.3259219337675,0.765,8.25631578947368,8.92914675767918,130.718954248366,12.1119398227832,11.1992783536679,68.6274509803922,74.5840504876649,75.2683240069718,87.2680147075438,97.5748275163,99.0465934868035,65.359477124183,1.59367629247147,0.089186517037173,0.465999256961043,0.895940800130161,1.29577528738745,0.714866026316067,0.427110767645885,0.367365891952857,-0.845497502253003,-0.653537120327441,-0.606107162103251,0.809985923934468,1.69386616807778,2.46133857128087,1.54587387047997,1.36545974139802,2.03760365303078,1,2,3,1.09886666666667,1,0.314794142364961,1,2,2.18923333333333,2,0.443280154603614,2,3,3.24686666666667,3,0.501130608343217,3,5,-0.44100191901912,-0.680666434032067,-0.314697796579537,-0.413504489524681,-0.681084778008173,0.0946485524190182,2.12974226962669,1.60997649232695,1.5105950950903
"3-05_R10",25,"R10",388598,3728322,3,"City of Glendale","MUNICIPAL","CGLE","Bushnell",337,0.275933414697647,0.0746843523202455,0.00761926779163287,0.0987888875175928,0.05283076132441,0.0966520116831185,0.0441166675794527,0.0697189162316593,0.00824191251644946,0.0952108392635737,0.0555008793129384,0.093140768807361,0.0468255185212372,0.109546292659848,0.0146401809813076,0.109680621745983,0.0571266326613222,0.105583213478864,0.0484564089813673,0.3999992,3.3999932,8.499983,19.6476639044792,23.1323242617708,6.33706266721875,35.6136380952083,37.82055468375,19.2828944725,10.747705693,65.098731984,86.18789347,3.17142857142857,33.0392887869229,34.1107212475634,1.575,14.9442857142857,12.6799676898223,63.4920634920635,6.69152088710448,7.8864554268751,38.0952380952381,53.4365739413058,49.7458242556282,94.917372123095,98.5372351655952,99.5460550436198,63.4920634920635,0.955931555300641,0.0891844717094115,0.292508468472397,0.631890223154244,0.676275623959998,0.658554083593039,0.00504235371044153,0.00071430359081237,-0.811513452502815,0.0710095325321997,0.02672645862834,0.2409880250688,0.892704578705096,0.46811488948703,0.0485200538295312,0.280825752902169,0.951004320888839,8,8,9,8.13266666666667,8,0.356375909700964,8,9,9.0801,9,0.285341965603691,9,10,9.24216666666667,9,0.45781614804388,9,10,-0.767435299605252,-0.889776360151888,0.0915117652183853,0.0562996777425505,-0.0964765263774209,0.521357075956202,-0.305238459706513,-0.493699531599611,0.174131359835418
"3-06_S9",26,"S9",390707,3731446,3,"City of Phoenix","MUNICIPAL","CPHX","Cuddeback",68,0.281535476446152,0.0959989937865926,0.0222615795320887,0.0934756400934189,0.0385881157415506,0.091108560611814,0.0359587971952992,0.0948636924147941,0.0341229321105321,0.0930303531433496,0.0473699605120824,0.087439604385799,0.0385289559742697,0.112432402780368,0.0255168651396206,0.103257794329976,0.0385485960057277,0.112140285159052,0.043078944083124,0.2999994,4.1999916,6.6999866,19.3679508038542,22.8721215963542,6.16797193722917,35.2546623735417,37.4913427602083,19.0434016714583,11.672720985,61.627442612,89.884775105,15.5428571428571,32.0269418171396,20.1752138712415,1.575,14.2731818181818,14.2435208711434,63.4920634920635,7.00614630107321,7.02073601777737,66.6666666666667,26.2730486290246,51.1800188069081,91.5002629578314,98.6774495080325,99.4037444077426,63.4920634920635,0.636922391006656,0.0891926535833786,0.682908104700472,0.653576342232167,0.772227215875613,0.120986524369811,0.00105455230010679,0.324620677515911,-0.34783117222269,0.0324738710366779,-0.569754927592479,1.52138207173159,0.958502903506253,0.776836583142025,0.0485200538295312,0.343782771849327,0.667050076265626,2,2,3,2.08643333333333,2,0.293312370395641,2,3,2.1836,2,0.404758983010644,2,3,3.07453333333333,3,0.273216526704684,3,4,-0.242273804090634,-0.270245964317436,0.162621284442774,-0.170566399902911,-0.189579349183103,0.247113934815491,-0.602775476612416,-0.799701592962164,0.526073051439851
"3-07_SME",27,"SME",408253,3693271,3,"City of Phoenix","MUNICIPAL","CGLE","Bushnell",60,0.265716016292572,0.0731484090208427,0.0276374787795342,0.0800688937828989,0.0228360405299306,0.0924906765681531,0.0539890831715015,0.0676925982862836,0.0221926276095907,0.0720468803908899,0.0207816807237949,0.0862562628278317,0.0521789936018075,0.0970599455986081,0.0354028246613345,0.0909031863864667,0.032711946341704,0.096594910998051,0.059084291331297,0.0999998,4.1999916,5.2999894,19.8789751536458,23.2697169492708,6.4326376755625,36.2639755497917,38.2484211528125,20.0565965616667,6.352395669,41.631937842,80.914185312,47.6285714285714,36.8444571755944,47.2225139895422,1.575,44.8842857142857,22.8825655976676,63.4920634920635,2.22795123969573,4.37013933482147,76.1904761904762,30.2683089850091,21.8672598844143,92.5451578814939,99.1807455199416,99.6555040376537,63.4920634920635,0.636557497055922,0.0764455860318625,0.500402423538188,0.675440795063807,0.552634248461492,0.730587902404679,0.0465937268217305,0.345685667444747,0.854744349150481,0.215855800991612,0.587950395394668,0.922818021057609,1.02484231462202,0.0703020539970115,0.0485200538295312,-0.612341252646227,-0.202340364794213,6,6,5,6.08363333333333,6,0.285145885167721,6,7,6.12903333333333,6,0.349934966393632,6,7,5.60693333333333,6,0.67610193956482,5,7,-0.805278689155744,-0.939701861561881,-0.216133507940371,-0.743010275867962,-1.08553577256971,-0.280405531385012,-0.52859232727501,-0.863215803263566,-0.308303259463872
"3-08_W18",28,"W18",407006,3694470,3,"Private landowner","PRIVATE","PRIV","Bushnell",260,0.265843331813812,0.276874929184365,0.0561448879072379,0.137954823377953,0.085363945177068,0.0874081748464537,0.050459948239866,0.244031417978891,0.0321599428359844,0.127762789015237,0.0719936170340347,0.080582516059495,0.0482464773342697,0.273208468459373,0.0775215649243517,0.147967990592782,0.0979205563973918,0.093143769783155,0.0570623224235959,0.0999998,4.1999916,5.2999894,20.0969889325,23.4860333082292,6.58295361759375,36.4533369478125,38.4473900534375,20.2018176577083,5.19214676,35.322024333,77.111195684,28.8,40.6770863206194,44.9813092685388,3.15,8.48189189189189,17.7174040632054,31.7460317460317,11.7898225153746,5.64416771459623,0,43.4948857661791,28.3036536748883,100,97.8778897274846,99.5894658466456,31.7460317460317,1.27457540706752,0.0891854943615656,0,0.488615557075228,0.607320460620087,0.0222152350347112,0.130861167969215,0.242083809895046,0.149047760918141,0.361747381426894,0.49202013159529,-0.718352268505926,0.457991803193248,0.246253486382057,-0.658563692922066,1.30100358329585,0.215538410251986,5,4,4,5.13173333333333,5,0.350405129834105,5,6,4.8408,5,0.51380686376281,4,6,5.03623333333333,5,0.407830875596317,4,6,4.21424388522046,3.40502795307118,4.12390767193616,1.72861446691033,1.29343299040368,2.1561586389549,-0.801388529720374,-1.16774626026878,-0.493538458402776
"3-09_X12",29,"X12",410764,3721496,3,"City of Phoenix","MUNICIPAL","CPHX","Cuddeback",272,0.334436774253845,0.1500701110803,0.0640552806725135,0.103712099059062,0.0467654162663202,0.104293225583603,0.0579234780155244,0.151397545787757,0.0593949557530266,0.101502684206013,0.0434336615059024,0.102256899697982,0.0570610102002712,0.138183769956231,0.0405841997072451,0.107519693857282,0.0427750984442,0.112157016175807,0.0632364149044272,0.499999,3.7999924,6.999986,19.6803810441667,23.2510723228125,6.53729976794792,35.328830136875,37.5696027582292,19.364687644375,8.695326912,63.693024389,110.491389846,28.2,50.6731651376147,44.9102042220413,1.05,39.24,25.0760702875399,95.2380952380952,2.54841997961264,3.98786567645286,85.7142857142857,8.88761467889908,26.3390246419521,88.1168944080035,99.5055154059698,99.5194683342329,95.2380952380952,0.95565749235474,0.0891854943615656,0.636984044478282,0.0745812615439266,0.508917057423619,0.0160173591206503,0.550942154984859,0.239098137824865,0.126559705754439,0.742254777677354,0.488976622984029,1.37076488910511,-0.798238643494671,-0.0703568448248089,0.755603800581126,-0.548214975380761,-0.327725364553594,2,1,2,2.03333333333333,2,0.181539676409022,2,3,1.09836666666667,1,0.307940188663668,1,2,2.03303333333333,2,0.180766575378437,2,3,1.08995919954413,1.1226652432872,0.79709719242247,0.266511926987773,0.172173899490252,0.429089354345156,0.104893055886546,-0.00440390040702991,0.526971065465961
"3-10_Y10",30,"Y10",414819,3726259,3,"City of Scottsdale","MUNICIPAL","CSCO","Cuddeback",2,0.311901211738586,0.195986566102899,0.0850199478475383,0.111651332842167,0.0454435363289468,0.11504582368936,0.0597707171316519,0.214320782819855,0.108697712135911,0.111682827753123,0.0475155318336263,0.109305600968944,0.0571683160298962,0.157186711884358,0.0512217825637912,0.120678688267413,0.0512361366399668,0.129604892344196,0.0608641574456019,1.1999976,3.6999926,8.2999834,19.188038981375,22.8059335190625,6.23725123976042,34.795831675625,37.0756696407292,18.982922693125,10.494460908,61.087777068,128.852089197,26.8235294117647,39.7352266207688,22.8682300326816,1.53,9.50727272727273,8.88839184597962,65.359477124183,10.5182635303117,11.2506291051099,78.4313725490196,52.8781793842035,67.3088316801407,94.7390704563123,98.2554201269217,99.4189675501692,65.359477124183,0.956205775482884,0.0891895852047219,0.362210557135449,0.55775992668878,0.762654297744725,0.00562042016590055,0.106207462900838,0.206557327056092,0.0749694615553596,0.325894864796667,-0.454485783117681,0.469590029482543,0.667784236484611,0.746035973797393,0.0901132154031541,1.04656271628123,2.05444659738818,5,2,2,5.03733333333333,5,0.193065096172079,5,6,3.3395,3,0.529448543793777,3,4,2.59576666666667,2,0.722019936923628,2,4,2.22127328833468,2.67300149053633,1.26530180275613,0.605502883759076,0.606847659626632,0.990954671213799,0.682023786044165,0.373925324879944,1.46346152235105
"4-01_AB20",31,"AB20",427426,3688791,4,"Mira Vista Place HOA","PRIVATE","MIRA","Cuddeback",10,0.407836526632309,0.0910655585017394,0.0141346050498239,0.108680363173405,0.0530246400634763,0.124942891204516,0.0621792015184529,0.0950972809714161,0.0174004851899669,0.110970577027098,0.0559020900881498,0.128543122631876,0.0664879083255436,0.0803365097159431,0.0142400725441408,0.0965191780337292,0.0454523746717691,0.11227847528868,0.0560110801305317,0.1999996,4.6999906,7.999984,19.6953065836458,23.2611030898958,6.33903368994792,36.4779696023958,38.4041687282292,20.2169417330208,1.6759756,57.567520208,79.619092401,45.1428571428571,48.3699140401146,44.8637463448197,3.15,157.05,52.323,31.7460317460317,0.636739891754218,1.91120539724404,0,1.33715377268386,10.6874605813887,100,99.8800365188253,99.7382236069366,31.7460317460317,0.636739891754218,0.0764482158897617,0,0.0292619943532967,0.141501652147377,0.580003409739227,0.428474964600443,0.237157396800767,0.761579549186575,0.654579990986925,0.486988086918733,-0.718352268505926,-0.935742816170507,-1.25250613414117,-0.658563692922066,-0.930745038652033,-1.00886580650851,0,0,0,0.0416333333333333,0,0.203227398746845,0,1,0.0414,0,0.202206337470986,0,1,0.0875666666666667,0,0.292748359987945,0,1,-0.363826411780925,-0.264490684974624,-0.628174433524296,0.478647839800632,0.576435838829759,-0.0406128216934979,1.21323510309163,1.40647251157398,0.533490214215616
"4-02_AE19",32,"AE19",439543,3693738,4,"Arizona Department of Transportation","STATE","ADOT","Cuddeback",266,0.356781363487244,0.0904383261763713,0.0241553117072519,0.0864413375015253,0.0321360854471401,0.104599061883369,0.0609031521792801,0.0846084050819807,0.0216942285051287,0.0831137029663078,0.0317281486108059,0.101996716283754,0.0622125029067997,0.0941093866915806,0.0236051651085203,0.0997153610167235,0.0531489022194823,0.112097120750757,0.0762540429343056,0.3999992,9.1999816,7.499985,19.2180126325,22.9785305791667,6.14156079384375,36.0987631901042,38.0687063763542,19.885666885,11.355817436,101.538691378,83.629536903,25.9428571428571,40.9730504587156,42.4846115035318,1.05,12.0738461538462,12.1685581395349,95.2380952380952,8.28236493374108,8.21790049842522,142.857142857143,46.2538226299694,48.5620585267407,86.6424096823109,98.512953337877,99.276690500436,63.4920634920635,0.95565749235474,0.0891865170371729,0.570047170501285,0.601929843752267,0.735000233664746,0.00176079131210978,0.139139036430036,0.148343604892251,0.0419617839481328,0.373013453416946,0.385154001526988,1.15123196184517,0.801801140981929,0.65705975851247,0.755603800581126,0.599156041363956,1.05971764524897,1,0,0,1.02783333333333,1,0.166712023118242,1,2,0.0193666666666667,0,0.139495212054136,0,0,0.0695,0,0.261416706855461,0,1,-0.379280496079997,-0.522921198903749,-0.288830950712984,-0.470918427691702,-0.613002417872104,0.0958584244016953,0.121308393394431,-0.0183688828560547,0.523756261931763
"4-03_R13",33,"R13",386546,3717572,4,"City of Peoria","MUNICIPAL
","CPEO","Cuddeback",270,0.471337169408798,0.0776553966992189,0.0197125193842305,0.079017177279915,0.0263939530579908,0.102156546431297,0.0691423799577921,0.0696676316335606,0.0237423892658438,0.0719827594201155,0.0263786378251079,0.0928961553876992,0.0592424205143206,0.0669484817949326,0.0215807600402895,0.0794143601923863,0.0297422770739661,0.0965278024508622,0.0595614742145395,0.3999992,5.1999896,6.3999872,20.1692412614583,23.5828921833333,6.66332016769792,36.093923263125,38.2580489157292,19.7094119641667,6.097146738,69.394877371,83.765380817,58.3055555555556,57.8708846263957,51.2931429881894,3.24,104.79,19.5246268656716,30.8641975308642,0.95428953144384,5.12173680388335,0,3.14915545376467,30.202958376333,100,99.8009708931682,99.6176374109469,30.8641975308642,0.95428953144384,0.0764438328937813,0,0.0436561527953068,0.387725080435266,1.57482093323516,1.03274528789076,0.580926719177547,1.25491869586645,1.0162407627579,0.762185488695204,-0.718352268505926,-0.892069187477263,-0.460288805788478,-0.678204908109609,-0.867202877736228,0.0441821104389754,0,0,0,0.0308333333333333,0,0.174595690126425,0,1,0.0128333333333333,0,0.112556924224717,0,0,0.014,0,0.117775757427556,0,0,-0.694233124857653,-0.891039937410595,-0.958035800232722,-0.787916672799788,-1.08827362232017,-0.770957679124809,-0.00979022225278085,-0.506828816271767,-0.31190521728448
"4-04_RIO",34,"RIO",399965,3698523,4,"City of Phoenix","MUNICIPAL","CPHX","Bushnell",4,0.413534075021744,0.167434433866444,0.0431462127438317,0.0731185175990151,0.0519849703173882,0.0744433151101659,0.0458114613948579,0.147442436511605,0.0408689516003457,0.0668062096240251,0.0515389513613185,0.0689384386503433,0.0457420348592492,0.106876334175467,0.0226142817987216,0.065750129163353,0.0380575607279163,0.075138323645638,0.0483283991745264,0.2999994,2.2999954,6.0999878,20.3600370911458,23.7482297828125,6.78942319563542,36.5792814416667,38.6177608648958,20.2726091509375,4.033809515,35.228816257,66.038857341,0,46.5615848406546,52.2507453444638,0.48,8.24921052631579,15.0071128107075,208.333333333333,12.1223721568252,6.66350691577735,187.5,68.0447889750215,34.2246888664649,85.1961235336751,97.8344471916452,99.5427458868441,104.166666666667,1.59504896800332,0.0891865170371729,0.70291893077351,0.781754677160557,0.514658839635632,0.865604873262825,0.343096895632999,0.645088045388868,-0.930378886939522,0.585744735898667,0.803173733004801,1.58701159644189,1.3474115728622,-0.0518828133501703,3.27458964838368,1.36754726714383,0.54987964119179,4,5,5,4.0953,4,0.304884144899983,4,5,5.0294,5,0.170499097743686,5,6,5.03433333333333,5,0.18372719108753,5,6,1.51779063819947,1.02521715317191,0.0257279051974094,-1.03977879747381,-1.30930295790735,-1.35439568795802,-1.4972593222862,-1.79272590063659,-1.4599557069555
"4-05_S14",35,"S14",391306,3713041,4,"Glendale Historical Society","PRIVATE","GLS","Cuddeback",343,0.492217600345612,0.169370774305454,0.0703949204962908,0.104305767215277,0.0586902131698705,0.0948697245687455,0.0600446664587798,0.178702899341964,0.0848049833977297,0.0978068569238144,0.0504231880982329,0.0884335501122693,0.0521411957901491,0.163632662458853,0.0598086678133025,0.0946446594556692,0.0438402761002859,0.0926589480373789,0.054346472419141,0.499999,6.1999876,6.6999866,20.2394853325,23.6381750667708,6.7211233258125,36.0985950048958,38.2537092514583,19.8055136641667,4.95041833,74.305182128,80.395397766,21.7142857142857,62.2191977077364,61.5265879978441,1.05,44.8714285714286,40.4540721649485,95.2380952380952,2.22858962113976,2.47193903229958,142.857142857143,11.3658070678128,11.2078225402614,88.3082510734987,99.4748965167629,99.699841972401,63.4920634920635,0.955109837631328,0.0509678150989604,0.622486920657049,0.113406272039804,0.170972902067741,0.0135781832867335,1.39656188696616,1.44049812843178,-0.116525461967475,1.18176219560712,1.20020753556699,1.32321865875054,-0.680438836076998,-1.15768317177129,0.755603800581126,-0.612213511558308,-0.824946289279512,1,2,1,1.12653333333333,1,0.34716950678946,1,2,2.04053333333333,2,0.197716173537721,2,3,1.128,1,0.346631415836209,1,2,1.56549922585652,1.79542909581191,1.42412056820709,0.291860486027343,0.0143687433906673,-0.120651382544847,-0.4009002387065,-0.746352940179565,-0.519560590485091
"4-06_V16",36,"V16",402468,3704017,4,"Private landowner","PRIVATE","PRIV","Cuddeback",164,0.497915148735046,0.113508286265808,0.0438088995944698,0.0952703178491394,0.0333809828074234,0.0897492050620043,0.0569619988510618,0.0989782756427305,0.0428384783515549,0.0832631896640825,0.0284875838148774,0.0828212867214574,0.0536144565152698,0.121138003824109,0.04697336123728,0.100873971245002,0.0373817933234472,0.0882772316111366,0.0585469411675837,0.3999992,4.1999916,5.5999888,20.3624234158333,23.7643347002083,6.82711755847917,36.3849209785417,38.4770176126042,20.154611343125,4.686363675,39.774722435,72.400637824,53.969696969697,59.1893134156851,65.4098753540427,2.97,313.29,206.542894736842,33.6700336700337,0.319193079894028,0.4841609299967,0,0,2.40424124974677,100,100,99.8758370688303,33.6700336700337,0.319193079894028,0.0509643084207053,0,0,0.0530233478031942,1.19336030163143,1.13726789540945,1.8671141279401,1.09241031743179,1.0664276325234,1.36642384637421,-0.718352268505926,-1.02452726865228,-1.53718272390406,-0.615710132512877,-0.994286633714913,-1.47693355395947,0,0,1,0.0672333333333333,0,0.256479768437869,0,1,0.109733333333333,0,0.325518244690642,0,1,1.10516666666667,1,0.317873151325441,1,2,0.189129475120305,-0.168868669990713,0.377114522375158,-0.0939368980985269,-0.606619605614948,0.145328990521684,-0.675736992823595,-1.04758336251275,-0.754743118051791
"4-07_ASUW",37,"ASUW",391854,3719280,4,"Arizona State University","STATE","ASU","Bushnell",261,0.466721832752228,0.0806338231395052,0.0201510513366992,0.0879082670463191,0.0438994356877671,0.0950837626559086,0.0481638507303811,0.075034089983006,0.0246969342701094,0.0866455153178057,0.0494834156733285,0.095585475279484,0.054937378697357,0.0688847158612175,0.0290632921315749,0.0893732034617477,0.0520859429928792,0.0984604270164325,0.0528765977712862,0.3999992,4.8999902,8.8999822,20.0545351923958,23.4867159060417,6.6105052723125,35.8881639023958,38.0699884402083,19.5987723534375,9.858722728,71.816916878,87.793124933,39.8285714285714,58.0610315186246,57.8389271749475,1.575,28.5545454545455,47.2819879518072,63.4920634920635,3.5020694046482,2.11497029485999,76.1904761904762,16.4278892072588,11.6463514851296,94.150272806882,99.2481793832645,99.7096969578228,63.4920634920635,0.955109837631328,0.0637039245439755,0.355382896246011,0.17074857840586,0.146475063817826,0.31629334609889,1.04750891714397,1.08652401219232,0.562399632022364,1.02347883082356,1.04236462535541,0.447197343772248,-0.506455299162723,-1.23650431443718,0.0485200538295312,-0.357388289883327,-0.942031325295284,3,4,3,3.13306666666667,3,0.352936369654536,3,4,4.0193,4,0.138545358976341,4,4,3.04306666666667,3,0.206268466918489,3,4,-0.620849066949355,-0.758818276686848,-0.910329833443556,-0.408283183096189,-0.46220040336048,-0.345733041528114,-0.389412042429561,-0.362483316002193,-0.20817428493884
"4-08_Z20",38,"Z20",419667,3690407,4,"City of Chandler","MUNICIPAL","CCHA","Cuddeback",12,0.456790924072266,0.0843942328934535,0.0154232842478154,0.0947477900006353,0.0400402990165787,0.101472811962716,0.0540940531496444,0.0876817827250252,0.017431378150268,0.0945455698234928,0.0416041488748862,0.102617272443185,0.0560260756301683,0.091387095994183,0.0181776035916955,0.0910645436222684,0.0356689114619821,0.09479160837242,0.0507865155306602,0.0999998,5.3999892,8.3999832,19.8859610058333,23.3546777272917,6.44281025827083,36.4950133727083,38.4406625747917,20.2370870078125,1.755573528,51.999960094,84.051079334,49.8333333333333,55.3689793577982,56.1926843251921,3.24,313.92,76.95,30.8641975308642,0.31855249745158,1.29954515919428,0,0,6.13079539808126,100,100,99.8049041283616,30.8641975308642,0.31855249745158,0.0637031940781511,0,0,0.0730960425033281,0.878679442219843,0.848248502053301,0.944590598858638,0.937379028045669,0.921004072766946,0.971900508724344,-0.718352268505926,-1.02452726865228,-1.47259936285368,-0.678204908109609,-0.994414815225928,-1.20948914824748,0,0,0,0.037,0,0.190697523628871,0,1,0.0888,0,0.289339507462,0,1,0.0579666666666667,0,0.237504552593501,0,1,-0.528198087422009,-0.447197682660196,-0.355904199687313,-0.116247894366328,-0.124882331038779,-0.273515868573621,-0.0464887177424254,0.0149386048667936,-0.405093016766189
"4-09_AA17",39,"AA17",425139,3701992,4,"Salt River Project","STATE","SRP","Bushnell",142,0.324537664651871,0.151088439183011,0.0758659784772463,0.141501711601098,0.0617195865213861,0.119447464836764,0.0683905392468474,0.163187824233044,0.0837610971941414,0.146966974840105,0.0663012115837946,0.122102444462615,0.0764275533394007,0.124568607294705,0.0673259197298596,0.133149374910441,0.0596595226990263,0.119842458223805,0.0683267110037305,0.0999998,7.0999858,7.5999848,19.8517743755208,23.4830426740625,6.61875793767708,36.1702554680208,38.2562001880208,20.0765671638542,4.750529904,68.874850292,93.208831428,24.1944444444444,37.9112256586483,34.1272472940745,0.54,6.41387755102041,12.7219448946515,185.185185185185,15.5911925671376,7.86043335575532,203.703703703704,83.9060710194731,56.5225035161744,82.048032880368,98.370705812302,99.2980938183244,123.456790123457,1.27275041364388,0.0891783362889582,1.06527985767698,0.552166545415822,0.924094289140084,0.000555492327725642,0.0657732978758864,0.000752614635389557,-0.0235688847365683,0.256463053627392,0.0274338228358637,2.77544706229709,0.650813236905924,1.26546485009009,2.75900774971065,2.06166345293305,0.942469133308778,4,4,4,4.11146666666667,4,0.33353494130919,4,5,4.27196666666667,4,0.514661339878352,4,6,4.51716666666667,4,0.693436851759265,4,6,1.11504931002939,1.413160406935,0.461639558931852,1.88006019393798,2.11341707257538,1.52343048842822,0.918275745273719,1.06077807958868,0.939476465288387
"4-10_AC19",40,"AC19",434387,3694460,4,"Arizona Department of Transportation","STATE","ADOT","Bushnell",8,0.349746942520142,0.07660357506647,0.0218570441557815,0.130722713035777,0.085578996611904,0.117707558572948,0.0738678905085147,0.0743188435194952,0.0197601710681448,0.121854376309995,0.0816881286708624,0.116112043061142,0.0725705721470813,0.0754801496355371,0.0224529762980558,0.127931869213115,0.0796077562050019,0.115095097734604,0.0841543541836611,0.2999994,9.1999816,6.8999862,19.4941006623958,23.2061507284375,6.31968862295833,36.2486635107292,38.2360893740625,20.0530647072917,4.647133267,82.209501681,76.689111266,24.6944444444444,39.4065273403951,50.1814867049637,0.81,8.982,34.1268260869565,123.456790123457,11.1333778668448,2.93024612793455,222.222222222222,49.7184845882241,17.8643092199557,87.842291809094,98.6143815397569,99.6593031936501,61.7283950617284,1.5904825524064,0.0891814038936601,0.636514168294813,0.572639278701295,0.302887718225001,2.33176838359167e-05,0.0982087215596538,0.510657841575208,-0.0048288387668172,0.313382707818498,0.714603275653847,1.36922383575323,0.712930001525941,-0.733250761123301,1.38412268658255,1.16964802096559,-0.674622473296086,5,4,4,5.22956666666667,5,0.438184374139943,5,6,4.5087,4,0.558391771112065,4,6,4.0584,4,0.241643097107172,4,5,-0.720148466785462,-0.776440900226255,-0.747828021252253,1.41981640511412,1.04115442918888,1.30065240976021,0.824888699411351,0.739251626096634,0.684668501807721
"5-01_AD18",41,"AD18",437410,3694500,5,"Arizona Department of Transportation","STATE","ADOT","Cuddeback",174,0.525511682033539,0.0584741447087487,0.0252679853333783,0.0947921165768861,0.0615800502835537,0.109021366459888,0.0685309580213333,0.0584227327246386,0.0265493358197949,0.094992624540594,0.0646265367148452,0.106337975234822,0.0672508502897257,0.0541165042245253,0.0217130531542781,0.0946834814802566,0.0737097306961658,0.113090898179382,0.0829093591552085,0.2999994,11.2999774,6.5999868,19.323367520625,23.0679372628125,6.21843070167708,36.1412836311458,38.1239085915625,19.9464857079167,4.790422368,97.394278379,81.865517695,77.8857142857143,61.5344975665617,46.4473352290969,3.15,31.437,17.3268874172185,31.7460317460317,3.1809651048128,5.77137702762617,0,9.06575054871648,32.4764176183706,100,99.5308294505926,99.4861947429765,31.7460317460317,0.63619302096256,0.0891824264754595,0,0.0821660174337866,0.545037365740238,3.95526516074717,1.33563932063917,0.307770226093389,1.98878484526285,1.15569862881253,0.554770426476925,-0.718352268505926,-0.775225570948807,0.0458592859993059,-0.658563692922066,-0.421641743645205,0.257262811958656,0,0,1,0.0508666666666667,0,0.22334034921156,0,1,0.0266,0,0.161946434214892,0,1,1.0355,1,0.187014034611411,1,2,-1.16683103353289,-1.16809774939603,-1.27419690207086,-0.114355229544487,-0.10579390129613,-0.118993752146472,0.35866943340757,0.214642146068362,0.577095881561871
"5-02_AB18",42,"AB18",427440,3697147,5,"Salt River Project","STATE","SRP","Bushnell",40,0.606455087661743,0.0610768828557326,0.0175479327517634,0.0656440465308702,0.0286485758074234,0.106647669984842,0.0585679349481415,0.0653920148512692,0.0178379100254295,0.0690968712225102,0.0311591971430938,0.109858674975073,0.0626023829657009,0.068327576170365,0.0251492265698628,0.0672079340555421,0.0320603420681123,0.099846703412863,0.0524244125150884,0.5999988,5.8999882,8.3999832,19.7627263269792,23.4000161451042,6.50646713389583,36.3001728544792,38.3253846521875,20.1398761035417,3.603823092,76.576870327,97.543810059,65.1666666666667,72.196735395189,56.8324466255418,3.24,314.28,72.6783333333333,30.8641975308642,0.318187603410971,1.37592588345908,0,0,6.94842571146834,100,100,99.7807654448135,30.8641975308642,0.318187603410971,0.0764403268588377,0,0,0.0953129591401676,2.28636708930313,2.43848153712271,0.998569008745116,1.51207377111804,1.56156381141557,0.999284248222254,-0.718352268505926,-1.02452726865228,-1.40111702478107,-0.678204908109609,-0.994487831072736,-1.18443642257856,1,2,1,1.12313333333333,1,0.344638179454985,1,2,2.0272,2,0.164096691793208,2,3,1.04066666666667,1,0.200534858224701,1,2,-1.10270338400798,-0.996384862268032,-0.924056938059442,-1.35892522494667,-1.21149584098352,-1.29215004956396,0.231264580520677,0.403610801994311,-0.133767829773009
"5-03_R14",43,"R14",388351,3712881,5,"Arizona Department of Transportation","STATE","ADOT","Cuddeback",55,0.611197769641876,0.0812419098382591,0.0241789200285146,0.0946751189743511,0.0867725677532132,0.102611427343148,0.0705643987343851,0.0795132843738125,0.0250180837944322,0.0819555500677903,0.0662922339312744,0.0916978108583095,0.0572358418366336,0.0730607646812753,0.0203240794826722,0.0882842679719214,0.0783960174437962,0.0980114626515957,0.0625573866631742,0.499999,6.1999876,6.6999866,20.27991838625,23.6785007280208,6.73936154933333,36.1924463985417,38.34145615,19.8433937463542,4.616016134,76.732341392,83.124495261,67.0285714285714,54.1062124248497,54.1932735528851,3.15,11.6433333333333,18.3381308411215,31.7460317460317,8.58860578299456,5.45311847027286,0,43.5156026338391,26.576307983977,100,98.5854042221561,99.6251710103606,31.7460317460317,0.95428953144384,0.0764455860318625,0,0.409195593632876,0.34758586680476,2.50227515223218,0.762017275156916,0.785562697380837,1.58185813277682,0.872936008626587,0.886319748951154,-0.718352268505926,0.217021967534836,-0.589435657514372,-0.658563692922066,0.660435296290137,0.152874638032512,0,0,0,0.0360333333333333,0,0.189568272907745,0,1,0.0193333333333333,0,0.138660964649967,0,0,0.0238,0,0.153300391498743,0,0,-0.605866702801952,-0.648457498219587,-0.807438117101707,-0.119350816059106,-0.662453456836516,-0.392228622039168,0.0146248772617053,-0.571148290172384,-0.232271822031227
"5-04_Y19",44,"Y19",415226,3693424,5,"Lakes Community Association","PRIVATE","LAKE","Cuddeback",36,0.530859112739563,0.0888623771669321,0.041880158717193,0.0954606575151265,0.0365241140660618,0.10242219190177,0.0570679908698521,0.0857985111681151,0.0450327097801752,0.0948854647056219,0.039845108334787,0.100888132721971,0.0583760840270371,0.0861630076759083,0.0469310696575085,0.0935395631402542,0.0385657857548543,0.0962003019804029,0.0522177037734363,0.0999998,5.3999892,8.3999832,19.9999064976042,23.4359098333333,6.52971222816667,36.4515006426042,38.4307869304167,20.212241333125,4.691509393,51.683503944,83.674528163,72.5625,63.0169442848937,60.1061497356864,2.88,62.676,86.2486813186813,34.7222222222222,1.59550705214117,1.15943801657104,0,14.455293892399,5.19071481264883,100,99.393783097956,99.8166718975894,34.7222222222222,0.638202820856468,0.0637053855258816,0,0.171324689857419,0.0690016575300565,3.20148815071059,1.46925659206211,1.29825179936491,1.78927028442061,1.21212895026153,1.13940853049506,-0.718352268505926,-0.50470730689748,-1.48577293755097,-0.592274591664104,-0.738894286606955,-1.25544401241226,1,0,0,1.05113333333333,1,0.221931725263826,1,2,0.0269,0,0.163637656351116,0,1,0.0359666666666667,0,0.188522987774576,0,1,-0.418109567634336,-0.493598730918436,-0.484618071710785,-0.085809737814898,-0.110369432887346,-0.167837001147511,0.00446792845919118,-0.0778705618139989,-0.329483348986617
"5-05_T14",45,"T14",397286,3712786,5,"Private landowner","PRIVATE","PRIV","Cuddeback",107,0.59009450674057,0.183470938320773,0.0462406062629481,0.0998250313777222,0.0491519545748015,0.103716645230689,0.0539416539958124,0.186545177970694,0.0480118478107193,0.0983805499976509,0.0530551145950624,0.099168444892266,0.0561250776898467,0.171546521921491,0.0468789938576385,0.0972867317395309,0.0488002820806521,0.103577496542474,0.0507696192845104,0.2999994,4.2999914,7.5999848,20.240076949375,23.6524317488542,6.75786316476042,36.0486731060417,38.2083569204167,19.8401168016667,7.105269517,64.948545107,84.299999437,47.5714285714286,64.370380979662,62.4837333577973,3.15,314.19,99.3451898734177,31.7460317460317,0.318278748527961,1.00659126151368,0,0,6.16951251677121,100,100,99.7795217050094,31.7460317460317,0.318278748527961,0.0637083076907395,0,0,0.154707314214628,0.726931244019733,1.5968073274977,1.54051840677871,0.852602629611083,1.26364841925976,1.24117621906751,-0.718352268505926,-1.02452726865228,-1.21001726785094,-0.658563692922066,-0.994469592797624,-1.30557744412156,0,1,0,0.095,0,0.300961823604438,0,1,1.03013333333333,1,0.17192915462489,1,2,0.0393,0,0.196358843005625,0,1,1.91290658117036,1.98865133599872,1.6191064551268,0.100541150924186,0.0388644024562513,-0.00783966345034611,0.0739459083414673,-0.170172411379959,0.0664772962683532
"5-06_S16",46,"S16",392571,3703957,5,"City of Phoenix","MUNICIPAL","CPHX","Cuddeback",317,0.547124147415161,0.12145022718796,0.0629124605933259,0.0878696796157737,0.048103180042627,0.0757259548390007,0.0571584874733521,0.127308177766822,0.0776938640172984,0.08566015853856,0.056138287291577,0.0683702712770319,0.0516055723680912,0.108380910962127,0.0336143151523826,0.0849556811138749,0.0374949449892151,0.0737867113685627,0.0520650948482843,0.0999998,5.1999896,6.3999872,20.3857635561458,23.7813310561458,6.82144805720833,36.4479021935417,38.5419615255208,20.13328866875,4.572936412,58.921759456,80.023490429,40.2972972972973,60.5645946720137,64.8231719203293,3.33,157.095,51.2994117647059,30.03003003003,0.636557497055922,1.94934009104565,0,0.381934498233553,9.36829914343703,100,99.9748665580776,99.7545022812308,30.03003003003,0.636557497055922,0.0764447094527706,0,0.00262325988770846,0.15577334518385,0.336362325039801,1.2516656213852,1.79911569507878,0.579967520676633,1.11877862930305,1.34131118502709,-0.718352268505926,-1.01656797886377,-1.20658734157524,-0.69678443598972,-0.930781536105725,-0.996357702775843,0,0,1,0.146466666666667,0,0.372673420577368,0,1,0.2027,0,0.435835261399499,0,1,1.06436666666667,1,0.249049526020634,1,2,0.38480724800479,0.529138556204511,0.0627984698910015,-0.409930796752278,-0.504273359829958,-0.534353274685972,-1.42841542093781,-1.82322149321671,-1.53250161378529
"5-07_TYARD",47,"TYARD",409201,3697086,5,"Arizona Department of Transportation","STATE","ADOT","Bushnell",311,0.575962066650391,0.0680539912313818,0.0126000864095179,0.076841394359214,0.0583428319375258,0.0799395741520192,0.0563782324214442,0.0693731994391356,0.0143116790794483,0.0754422014787774,0.0564112838593133,0.0754062264157887,0.054163703123278,0.0675581047787916,0.0166638298063462,0.0780394247830817,0.0656033660224283,0.0799560352996167,0.0597579524714772,0.1999996,1.2999974,4.99999,20.1770696985417,23.5869678253125,6.67298023310417,36.4532945970833,38.4749726880208,20.2169048352083,4.292670262,44.500749279,77.685326925,49.9714285714286,62.7834815027244,59.2794991170332,3.15,13.6447826086957,19.049854368932,31.7460317460317,7.32880859063824,5.24938396185787,0,27.0528630150081,26.5960293251993,100,99.1240320004213,99.6042190069851,31.7460317460317,0.63728770353376,0.0891885624587503,0,0.209061492344738,0.401775278195001,0.888409645759751,1.44779139239063,1.21887211063499,0.942554850265888,1.20324203400257,1.1040254121328,-0.718352268505926,-0.390209255028648,-0.415082668381318,-0.658563692922066,0.408347981701377,0.0860501244167732,3,2,3,3.0867,3,0.287377561514631,3,4,2.31476666666667,2,0.496954234317329,2,3,3.40503333333333,3,0.544173259517072,3,5,-0.93079766958587,-0.898294314726583,-0.943015584274178,-0.880818677472414,-0.940561688725737,-0.829664940131629,-1.20225527184541,-1.44557639882665,-1.20137174267054
"5-08_X18",48,"X18",413796,3698064,5,"Arizona State University","STATE","ASU","Bushnell",358,0.592481791973114,0.123561553578142,0.0870942646320905,0.0969607187543393,0.0706031655820576,0.0957459932527656,0.0607467571580197,0.118991863505484,0.086322149018195,0.0922335332272625,0.0632824320952478,0.0905796067732309,0.0556756544438418,0.0910353159943466,0.0701190399892211,0.0830507770206856,0.0604506761629393,0.0901585079724015,0.0562718909936466,0.1999996,3.999992,5.6999886,20.1006644842708,23.5545259992708,6.6538350439375,36.3782372914583,38.4138309852083,20.1859831020833,4.720769198,64.447139407,74.748299104,79.2777777777778,69.5910652920962,57.8746846474932,3.24,78.57,20.7628571428571,30.8641975308642,1.27275041364388,4.8162928306041,0,2.67277586865216,25.3734538171032,100,99.8269823901204,99.5668464892428,30.8641975308642,0.636375206821942,0.08919060797415,0,0.0212904746707182,0.467547399974133,4.1655157334236,2.13854720349333,1.08971708858581,2.04095951293101,1.46237724390573,1.0438951521038,-0.718352268505926,-0.959929377138305,-0.203462616795371,-0.678204908109609,-0.803478375822376,-0.0560029053938295,4,4,3,4.0209,4,0.143051991000024,4,4,4.226,4,0.445343250785692,4,5,3.5274,4,0.525919949288643,3,4,0.436827232780893,0.324236773476927,-0.364571542795003,-0.0217598296514156,-0.223602121796703,-0.615689242204901,-0.353867737310208,-0.631166337321484,-0.653768229069028
"5-09_U17",49,"U17",400471,3702126,5,"Arizona State University","STATE","ASU","Cuddeback",54,0.632555603981018,0.0825809840027944,0.0216588999391313,0.0718772236145876,0.0481307614708105,0.077926382304938,0.054347529030042,0.0732800616167091,0.0272301173996325,0.0638389601048198,0.0400687519701164,0.0705324153743556,0.0486062968146925,0.0632952080658552,0.030480144278327,0.0637276200899127,0.0478798975631654,0.0767228506042932,0.0558872196337645,0,2.2999954,5.3999892,20.3613331239583,23.7545185297917,6.81013641438542,36.4526183127083,38.5258493258333,20.190448461875,4.700713361,38.386702536,72.421386389,79.6285714285714,73.3034126756524,63.3415280182546,3.15,78.4575,55.6665957446808,31.7460317460317,1.27457540706752,1.79640947434001,0,1.43389733295096,9.54772524872627,100,99.9026645923019,99.6684360093782,31.7460317460317,0.955931555300641,0.0764429563548941,0,0.0115386353114288,0.214622104390834,4.21935676382078,2.57182231851236,1.63300897459723,2.05410729121455,1.60369021899878,1.27789239554715,-0.718352268505926,-0.989517644696259,-1.01724302483005,-0.658563692922066,-0.803113191891106,-1.04651864093902,0,0,0,0.229466666666667,0,0.438502898183444,0,1,0.0671666666666667,0,0.258568238846203,0,1,0.0679666666666667,0,0.259003413712058,0,1,-0.572873879912454,-0.802034962338066,-1.04804710528403,-1.09277981078456,-1.43599915819246,-1.44075317592407,-1.31031054083489,-1.70717141961391,-1.37490842892941
"5-10_V17",50,"V17",404041,3700249,5,"City of Phoenix","MUNICIPAL","CPHX","Bushnell",73,0.673361539840698,0.0647230751920776,0.0159080671798573,0.0419673344948819,0.021713043705062,0.0665402740654274,0.041649858153621,0.0570549287078476,0.0172485922733534,0.0377999065532031,0.0212743255265475,0.0603870702586001,0.0394527616641093,0.0506369560025632,0.0131919658418167,0.0380693068624509,0.0216762229955103,0.0667195380008803,0.0437830010484835,0.1999996,1.2999974,4.99999,20.3164749303125,23.7150233984375,6.77998354058333,36.4708178742708,38.5250555682292,20.217689741875,4.920967308,30.39145765,69.671322,65.6571428571429,73.6660939289805,61.5686027177341,3.15,104.76,24.6032915360502,31.7460317460317,0.954562810232913,4.06449681147233,0,5.44100801832761,21.1532213366971,100,99.7069672961733,99.6373745598565,31.7460317460317,0.636375206821942,0.0891895852047219,0,0.0480573698990133,0.328759681949451,2.3422982120481,2.61629305899683,1.44481816250928,1.53045686383122,1.61749592240501,1.20200589121238,-0.718352268505926,-0.878715359091948,-0.650008406309457,-0.658563692922066,-0.867148194239162,-0.302590504655107,1,0,0,1.03786666666667,1,0.195023203808905,1,2,0.2697,0,0.455889794267011,0,1,0.228366666666667,0,0.429210289878967,0,1,-1.01286655408465,-1.20179843369621,-1.3599278654955,-2.36987810598644,-2.5478197592769,-2.53631685218519,-1.9214440452485,-2.25170869114293,-1.91182230314103
